symbol,isin,trade_date,exchange,segment,series,trade_type,auction,quantity,price,trade_id,order_id,order_execution_time,expiry_date
GOLDM25MAYFUT,,2025-04-01,MCX,COM,,buy,false,10.000000,90554.000000,100074480,509110324738594,2025-04-01T13:09:53,2025-05-05
GOLDM25MAYFUT,,2025-04-01,MCX,COM,,buy,false,10.000000,90521.000000,100075525,509110324750235,2025-04-01T13:13:07,2025-05-05
GOLDM25MAYFUT,,2025-04-01,MCX,COM,,sell,false,10.000000,90718.000000,100082462,509110324741096,2025-04-01T13:41:06,2025-05-05
GOLDM25MAYFUT,,2025-04-01,MCX,COM,,sell,false,10.000000,90710.000000,100083062,509110324820719,2025-04-01T13:45:31,2025-05-05
GOLDM25MAYFUT,,2025-04-01,MCX,COM,,buy,false,10.000000,90580.000000,100152235,509110325886535,2025-04-01T20:15:24,2025-05-05
GOLDM25MAYFUT,,2025-04-01,MCX,COM,,sell,false,10.000000,90697.000000,100154876,509110326142530,2025-04-01T20:35:49,2025-05-05
GOLDM25MAYFUT,,2025-04-01,MCX,COM,,buy,false,10.000000,90550.000000,100160346,509110326211546,2025-04-01T21:12:44,2025-05-05
GOLDM25MAYFUT,,2025-04-01,MCX,COM,,buy,false,10.000000,90400.000000,100166754,509110326482679,2025-04-01T21:23:05,2025-05-05
GOLDM25MAYFUT,,2025-04-01,MCX,COM,,buy,false,10.000000,90234.000000,100202458,509110326892778,2025-04-01T22:08:06,2025-05-05
GOLDM25MAYFUT,,2025-04-02,MCX,COM,,sell,false,10.000000,90655.000000,100007767,509210324036499,2025-04-02T09:14:21,2025-05-05
GOLDM25MAYFUT,,2025-04-02,MCX,COM,,sell,false,10.000000,90655.000000,100007766,509210324036499,2025-04-02T09:14:21,2025-05-05
GOLDM25MAYFUT,,2025-04-02,MCX,COM,,sell,false,10.000000,90652.000000,100007769,509210324036499,2025-04-02T09:14:21,2025-05-05
GOLDM25MAYFUT,,2025-04-02,MCX,COM,,buy,false,10.000000,90460.000000,100018849,509210324140772,2025-04-02T10:11:10,2025-05-05
GOLDM25MAYFUT,,2025-04-02,MCX,COM,,buy,false,10.000000,90200.000000,100030979,509210324242880,2025-04-02T11:03:05,2025-05-05
GOLDM25MAYFUT,,2025-04-02,MCX,COM,,sell,false,10.000000,90450.000000,100051284,509210324148280,2025-04-02T13:24:05,2025-05-05
GOLDM25MAYFUT,,2025-04-02,MCX,COM,,sell,false,10.000000,90490.000000,100053582,509210324606225,2025-04-02T13:36:43,2025-05-05
GOLDM25MAYFUT,,2025-04-02,MCX,COM,,buy,false,10.000000,90364.000000,100098642,509210325073799,2025-04-02T16:19:28,2025-05-05
GOLDM25MAYFUT,,2025-04-02,MCX,COM,,buy,false,10.000000,90290.000000,100100982,509210325090563,2025-04-02T16:25:01,2025-05-05
GOLDM25MAYFUT,,2025-04-02,MCX,COM,,buy,false,10.000000,90258.000000,100144675,509210325632726,2025-04-02T19:22:05,2025-05-05
GOLDM25MAYFUT,,2025-04-03,MCX,COM,,sell,false,30.000000,90865.000000,100023509,509310324090516,2025-04-03T09:17:41,2025-05-05
GOLDM25JUNFUT,,2025-04-03,MCX,COM,,buy,false,10.000000,90633.000000,100113351,509310325213232,2025-04-03T13:14:52,2025-06-05
GOLDM25JUNFUT,,2025-04-03,MCX,COM,,buy,false,10.000000,90588.000000,100131095,509310325545958,2025-04-03T14:51:59,2025-06-05
GOLDM25JUNFUT,,2025-04-03,MCX,COM,,buy,false,10.000000,90236.000000,100170566,509310325827936,2025-04-03T15:42:50,2025-06-05
GOLDM25JUNFUT,,2025-04-03,MCX,COM,,sell,false,30.000000,90600.000000,100493085,509310328330452,2025-04-03T20:20:51,2025-06-05
GOLDM25JUNFUT,,2025-04-04,MCX,COM,,buy,false,10.000000,89392.000000,100096583,509410325093088,2025-04-04T13:56:07,2025-06-05
GOLDM25JUNFUT,,2025-04-04,MCX,COM,,sell,false,10.000000,89550.000000,100112852,509410325290928,2025-04-04T14:42:00,2025-06-05
GOLDM25JUNFUT,,2025-04-04,MCX,COM,,buy,false,10.000000,89380.000000,100272172,509410327420535,2025-04-04T18:09:56,2025-06-05
GOLDM25JUNFUT,,2025-04-04,MCX,COM,,buy,false,10.000000,89283.000000,100274861,509410327432630,2025-04-04T18:10:52,2025-06-05
GOLDM25JUNFUT,,2025-04-04,MCX,COM,,buy,false,10.000000,89187.000000,100322750,509410328084541,2025-04-04T19:04:38,2025-06-05
GOLDM25JUNFUT,,2025-04-04,MCX,COM,,sell,false,30.000000,89000.000000,100383911,509410327508076,2025-04-04T19:54:10,2025-06-05
GOLDM25JUNFUT,,2025-04-04,MCX,COM,,buy,false,10.000000,89015.000000,100384420,509410328851738,2025-04-04T19:54:29,2025-06-05
GOLDM25JUNFUT,,2025-04-04,MCX,COM,,buy,false,10.000000,89018.000000,100384422,509410328851738,2025-04-04T19:54:29,2025-06-05
GOLDM25JUNFUT,,2025-04-04,MCX,COM,,buy,false,10.000000,89018.000000,100384528,509410328852400,2025-04-04T19:54:33,2025-06-05
GOLDM25JUNFUT,,2025-04-09,MCX,COM,,sell,false,10.000000,89040.000000,100099647,509910324619432,2025-04-09T12:02:37,2025-06-05
GOLDM25JUNFUT,,2025-04-09,MCX,COM,,sell,false,10.000000,89040.000000,100099649,509910324619432,2025-04-09T12:02:37,2025-06-05
GOLDM25JUNFUT,,2025-04-09,MCX,COM,,sell,false,10.000000,89050.000000,100099645,509910324619432,2025-04-09T12:02:37,2025-06-05
GOLDM25JUNFUT,,2025-04-09,MCX,COM,,buy,false,10.000000,89889.000000,100311405,509910327482626,2025-04-09T17:41:29,2025-06-05
GOLDM25JUNFUT,,2025-04-09,MCX,COM,,buy,false,10.000000,89874.000000,100311864,509910327484194,2025-04-09T17:41:41,2025-06-05
GOLDM25JUNFUT,,2025-04-09,MCX,COM,,buy,false,10.000000,89844.000000,100317838,509910327571134,2025-04-09T17:50:20,2025-06-05
GOLDM25JUNFUT,,2025-04-09,MCX,COM,,buy,false,10.000000,89569.000000,100345408,509910327802060,2025-04-09T18:19:31,2025-06-05
GOLDM25JUNFUT,,2025-04-09,MCX,COM,,sell,false,10.000000,89870.000000,100357127,509910327701661,2025-04-09T18:40:04,2025-06-05
GOLDM25JUNFUT,,2025-04-09,MCX,COM,,sell,false,10.000000,89870.000000,100357129,509910327701661,2025-04-09T18:40:04,2025-06-05
GOLDM25JUNFUT,,2025-04-09,MCX,COM,,sell,false,20.000000,89870.000000,100357154,509910327701661,2025-04-09T18:40:05,2025-06-05
GOLDM25JUNFUT,,2025-04-09,MCX,COM,,buy,false,10.000000,90289.000000,100427641,509910328734514,2025-04-09T20:08:19,2025-06-05
GOLDM25JUNFUT,,2025-04-09,MCX,COM,,buy,false,10.000000,90289.000000,100427642,509910328734514,2025-04-09T20:08:19,2025-06-05
GOLDM25JUNFUT,,2025-04-09,MCX,COM,,buy,false,10.000000,90265.000000,100432473,509910328812106,2025-04-09T20:18:58,2025-06-05
GOLDM25JUNFUT,,2025-04-09,MCX,COM,,buy,false,10.000000,90236.000000,100434145,509910328825216,2025-04-09T20:20:26,2025-06-05
GOLDM25JUNFUT,,2025-04-09,MCX,COM,,sell,false,20.000000,90370.000000,100450879,509910328739187,2025-04-09T20:46:45,2025-06-05
GOLDM25JUNFUT,,2025-04-09,MCX,COM,,sell,false,10.000000,90370.000000,100450881,509910328739187,2025-04-09T20:46:45,2025-06-05
GOLDM25JUNFUT,,2025-04-09,MCX,COM,,sell,false,10.000000,90370.000000,100452015,509910329023219,2025-04-09T20:48:38,2025-06-05
GOLDM25JUNFUT,,2025-04-09,MCX,COM,,buy,false,10.000000,90256.000000,100522857,509910329595535,2025-04-09T22:54:35,2025-06-05
GOLDM25JUNFUT,,2025-04-09,MCX,COM,,buy,false,10.000000,90050.000000,100529730,509910329626034,2025-04-09T22:56:40,2025-06-05
GOLDM25JUNFUT,,2025-04-09,MCX,COM,,buy,false,10.000000,89750.000000,100539065,509910329691167,2025-04-09T23:00:04,2025-06-05
GOLDM25JUNFUT,,2025-04-10,MCX,COM,,sell,false,10.000000,90938.000000,100001739,510010612007049,2025-04-10T17:00:13,2025-06-05
GOLDM25JUNFUT,,2025-04-10,MCX,COM,,sell,false,10.000000,90937.000000,100001741,510010612007049,2025-04-10T17:00:13,2025-06-05
GOLDM25JUNFUT,,2025-04-10,MCX,COM,,sell,false,10.000000,90937.000000,100001742,510010612007049,2025-04-10T17:00:13,2025-06-05
GOLDM25APR87000PE,,2025-04-11,MCX,COM,,buy,false,10.000000,239.000000,100047653,510110324153906,2025-04-11T09:33:10,2025-04-24
GOLDM25APR87000PE,,2025-04-11,MCX,COM,,buy,false,10.000000,199.000000,100151148,510110325064228,2025-04-11T12:15:11,2025-04-24
GOLDM25APR87000PE,,2025-04-11,MCX,COM,,buy,false,10.000000,164.000000,100482932,510110328802444,2025-04-11T23:18:32,2025-04-24
GOLDM25JUNFUT,,2025-04-15,MCX,COM,,buy,false,10.000000,93419.000000,100258882,510510326460665,2025-04-15T23:28:07,2025-06-05
GOLDM25JUNFUT,,2025-04-16,MCX,COM,,sell,false,10.000000,94402.000000,100001785,510610324004814,2025-04-16T09:00:08,2025-06-05
GOLDM25APR87000PE,,2025-04-16,MCX,COM,,sell,false,20.000000,40.500000,100032198,510610324081369,2025-04-16T09:14:08,2025-04-24
GOLDM25APR87000PE,,2025-04-16,MCX,COM,,sell,false,10.000000,40.500000,100032199,510610324081369,2025-04-16T09:14:08,2025-04-24
GOLDM25JUNFUT,,2025-04-21,MCX,COM,,buy,false,10.000000,97109.000000,100481783,511110327152776,2025-04-21T20:47:38,2025-06-05
GOLDM25JUNFUT,,2025-04-21,MCX,COM,,sell,false,10.000000,97209.000000,100494827,511110327154537,2025-04-21T21:10:32,2025-06-05
GOLDM25JUNFUT,,2025-04-21,MCX,COM,,buy,false,10.000000,97040.000000,100511124,511110327423659,2025-04-21T21:45:45,2025-06-05
GOLDM25JUNFUT,,2025-04-21,MCX,COM,,sell,false,10.000000,97140.000000,100551894,511110327425973,2025-04-21T23:02:19,2025-06-05
GOLDM25JUNFUT,,2025-04-22,MCX,COM,,buy,false,10.000000,98900.000000,100152589,511210324631913,2025-04-22T10:41:06,2025-06-05
GOLDM25JUNFUT,,2025-04-22,MCX,COM,,buy,false,10.000000,98820.000000,100165486,511210324772558,2025-04-22T11:02:13,2025-06-05
GOLDM25JUNFUT,,2025-04-22,MCX,COM,,sell,false,20.000000,99000.000000,100173534,511210324646060,2025-04-22T11:15:06,2025-06-05
GOLDM25JUNFUT,,2025-04-22,MCX,COM,,buy,false,10.000000,98886.000000,100250157,511210325628134,2025-04-22T12:35:58,2025-06-05
GOLDM25JUNFUT,,2025-04-22,MCX,COM,,buy,false,10.000000,98706.000000,100262433,511210325757371,2025-04-22T12:45:36,2025-06-05
GOLDM25JUNFUT,,2025-04-22,MCX,COM,,buy,false,10.000000,98521.000000,100308284,511210326238438,2025-04-22T14:00:43,2025-06-05
GOLDM25JULFUT,,2025-04-22,MCX,COM,,sell,false,10.000000,98300.000000,100355378,511210326497776,2025-04-22T14:26:44,2025-07-04
GOLDM25JULFUT,,2025-04-22,MCX,COM,,sell,false,10.000000,98284.000000,100356389,511210326503347,2025-04-22T14:27:17,2025-07-04
GOLDM25JUNFUT,,2025-04-22,MCX,COM,,sell,false,20.000000,97572.000000,100615527,511210325647936,2025-04-22T18:35:43,2025-06-05
GOLDM25JUNFUT,,2025-04-22,MCX,COM,,sell,false,10.000000,97572.000000,100615528,511210325647936,2025-04-22T18:35:43,2025-06-05
GOLDM25JUNFUT,,2025-04-22,MCX,COM,,buy,false,20.000000,97997.000000,100631615,511210329239566,2025-04-22T18:43:19,2025-06-05
GOLDM25JUNFUT,,2025-04-22,MCX,COM,,buy,false,10.000000,97997.000000,100631616,511210329239566,2025-04-22T18:43:19,2025-06-05
GOLDM25JUNFUT,,2025-04-22,MCX,COM,,sell,false,20.000000,97540.000000,100683560,511210329829893,2025-04-22T19:11:39,2025-06-05
GOLDM25JUNFUT,,2025-04-22,MCX,COM,,sell,false,10.000000,97539.000000,100683562,511210329829893,2025-04-22T19:11:39,2025-06-05
GOLDM25JUNFUT,,2025-04-22,MCX,COM,,buy,false,10.000000,97944.000000,100764845,511210330986406,2025-04-22T20:13:30,2025-06-05
GOLDM25JUNFUT,,2025-04-22,MCX,COM,,buy,false,10.000000,97912.000000,100764950,511210330988932,2025-04-22T20:13:44,2025-06-05
GOLDM25JULFUT,,2025-04-22,MCX,COM,,buy,false,10.000000,98300.000000,100765300,511210330994962,2025-04-22T20:14:13,2025-07-04
GOLDM25JULFUT,,2025-04-22,MCX,COM,,buy,false,10.000000,98303.000000,100765302,511210330994962,2025-04-22T20:14:13,2025-07-04
GOLDM25JUNFUT,,2025-04-22,MCX,COM,,buy,false,10.000000,97753.000000,100775817,511210331143952,2025-04-22T20:25:49,2025-06-05
GOLDM25JUNFUT,,2025-04-23,MCX,COM,,sell,false,10.000000,95408.000000,100196251,511310325058934,2025-04-23T11:27:56,2025-06-05
GOLDM25JUNFUT,,2025-04-23,MCX,COM,,sell,false,10.000000,95409.000000,100196248,511310325058934,2025-04-23T11:27:56,2025-06-05
GOLDM25JUNFUT,,2025-04-23,MCX,COM,,sell,false,10.000000,95408.000000,100196250,511310325058934,2025-04-23T11:27:56,2025-06-05
GOLDM25JULFUT,,2025-04-23,MCX,COM,,sell,false,10.000000,95860.000000,100234155,511310325420685,2025-04-23T11:53:35,2025-07-04
GOLDM25JUNFUT,,2025-04-23,MCX,COM,,sell,false,10.000000,95452.000000,100318855,511310326336667,2025-04-23T13:16:35,2025-06-05
GOLDM25JUNFUT,,2025-04-23,MCX,COM,,buy,false,10.000000,96024.000000,100393189,511310327027539,2025-04-23T14:48:55,2025-06-05
GOLDM25JUNFUT,,2025-04-23,MCX,COM,,buy,false,10.000000,96040.000000,100394105,511310327034785,2025-04-23T14:49:22,2025-06-05
GOLDM25JULFUT,,2025-04-23,MCX,COM,,buy,false,10.000000,96459.000000,100395377,511310327044299,2025-04-23T14:49:58,2025-07-04
GOLDM25JUNFUT,,2025-04-23,MCX,COM,,buy,false,10.000000,96099.000000,100398142,511310327064299,2025-04-23T14:50:49,2025-06-05
GOLDM25JUNFUT,,2025-04-23,MCX,COM,,sell,false,10.000000,95830.000000,100413911,511310327182505,2025-04-23T15:02:47,2025-06-05
GOLDM25JUNFUT,,2025-04-23,MCX,COM,,sell,false,10.000000,95821.000000,100413913,511310327182505,2025-04-23T15:02:47,2025-06-05
GOLDM25MAY95000PE,,2025-04-23,MCX,COM,,buy,false,10.000000,2060.000000,100415460,511310327187038,2025-04-23T15:03:17,2025-05-27
GOLDM25JULFUT,,2025-04-23,MCX,COM,,sell,false,10.000000,96230.000000,100416614,511310327193654,2025-04-23T15:04:04,2025-07-04
GOLDM25MAY95000PE,,2025-04-23,MCX,COM,,sell,false,10.000000,2500.500000,100666569,511310329844628,2025-04-23T18:52:53,2025-05-27
GOLDM25JULFUT,,2025-04-23,MCX,COM,,buy,false,10.000000,95360.000000,100702344,511310329788344,2025-04-23T19:08:28,2025-07-04
GOLDM25JULFUT,,2025-04-23,MCX,COM,,sell,false,10.000000,95245.000000,100709457,511310330164642,2025-04-23T19:09:18,2025-07-04
GOLDM25MAYFUT,,2025-04-23,MCX,COM,,sell,false,10.000000,94675.000000,100711817,511310330179064,2025-04-23T19:09:51,2025-05-05
GOLDM25JULFUT,,2025-04-23,MCX,COM,,buy,false,10.000000,95145.000000,100745883,511310330373334,2025-04-23T19:17:42,2025-07-04
GOLDM25MAYFUT,,2025-04-23,MCX,COM,,buy,false,10.000000,94550.000000,100748880,511310330363679,2025-04-23T19:18:49,2025-05-05
GOLDM25MAYFUT,,2025-04-23,MCX,COM,,sell,false,10.000000,94221.000000,100811779,511310330849054,2025-04-23T19:31:44,2025-05-05
GOLDM25MAYFUT,,2025-04-23,MCX,COM,,buy,false,10.000000,94145.000000,100855676,511310331060789,2025-04-23T19:40:19,2025-05-05
GOLDM25JUNFUT,,2025-04-23,MCX,COM,,sell,false,10.000000,94176.000000,100861766,511310331087493,2025-04-23T19:41:36,2025-06-05
GOLDM25JUNFUT,,2025-04-23,MCX,COM,,sell,false,10.000000,94175.000000,100861768,511310331087493,2025-04-23T19:41:36,2025-06-05
GOLDM25JUNFUT,,2025-04-23,MCX,COM,,buy,false,20.000000,94425.000000,100876904,511310331159736,2025-04-23T19:45:24,2025-06-05
GOLDM25MAY95000CE,,2025-04-23,MCX,COM,,buy,false,10.000000,2250.000000,100893097,511310331269052,2025-04-23T19:50:03,2025-05-27
GOLDM25MAY96000CE,,2025-04-23,MCX,COM,,buy,false,10.000000,1930.000000,100956981,511310331711592,2025-04-23T20:17:05,2025-05-27
GOLDM25JUNFUT,,2025-04-23,MCX,COM,,buy,false,10.000000,94879.000000,100961197,511310331744240,2025-04-23T20:18:11,2025-06-05
GOLDM25JUNFUT,,2025-04-23,MCX,COM,,sell,false,10.000000,94881.000000,101085956,511310332996684,2025-04-23T21:46:21,2025-06-05
GOLDM25MAY96000CE,,2025-04-24,MCX,COM,,sell,false,10.000000,2262.000000,100011679,511410324047375,2025-04-24T09:01:42,2025-05-27
GOLDM25MAY95000CE,,2025-04-24,MCX,COM,,sell,false,10.000000,2785.000000,100012379,511410324049437,2025-04-24T09:01:50,2025-05-27
GOLDM25JUNFUT,,2025-04-24,MCX,COM,,sell,false,10.000000,95584.000000,100169760,511410325509990,2025-04-24T11:48:05,2025-06-05
GOLDM25MAYFUT,,2025-04-24,MCX,COM,,buy,false,10.000000,95489.000000,100173658,511410325576567,2025-04-24T11:51:15,2025-05-05
GOLDM25JUNFUT,,2025-04-24,MCX,COM,,buy,false,10.000000,95917.000000,100299534,511410326873834,2025-04-24T14:27:55,2025-06-05
GOLDM25MAYFUT,,2025-04-24,MCX,COM,,sell,false,10.000000,95879.000000,100472153,511410328216330,2025-04-24T18:09:39,2025-05-05
GOLDM25JUNFUT,,2025-04-24,MCX,COM,,buy,false,10.000000,95708.000000,100525641,511410328538450,2025-04-24T18:50:33,2025-06-05
GOLDM25JULFUT,,2025-04-24,MCX,COM,,sell,false,10.000000,95917.000000,100564985,511410328787343,2025-04-24T19:12:33,2025-07-04
GOLDM25MAY95000PE,,2025-04-24,MCX,COM,,buy,false,10.000000,2156.000000,100593455,511410328953818,2025-04-24T19:24:12,2025-05-27
GOLDM25MAY96000CE,,2025-04-24,MCX,COM,,buy,false,10.000000,2109.000000,100600276,511410329005221,2025-04-24T19:27:08,2025-05-27
GOLDM25JULFUT,,2025-04-24,MCX,COM,,buy,false,10.000000,95811.000000,100660209,511410329437232,2025-04-24T19:57:49,2025-07-04
GOLDM25MAY95000PE,,2025-04-24,MCX,COM,,sell,false,10.000000,2200.000000,100660521,511410329439055,2025-04-24T19:58:04,2025-05-27
GOLDM25MAY95000PE,,2025-04-24,MCX,COM,,buy,false,10.000000,2132.000000,100680058,511410329535173,2025-04-24T20:05:30,2025-05-27
GOLDM25JULFUT,,2025-04-24,MCX,COM,,sell,false,10.000000,95852.000000,100682122,511410329546501,2025-04-24T20:06:32,2025-07-04
GOLDM25JULFUT,,2025-04-24,MCX,COM,,buy,false,10.000000,95949.000000,100692420,511410329613092,2025-04-24T20:12:10,2025-07-04
GOLDM25JULFUT,,2025-04-24,MCX,COM,,sell,false,10.000000,95918.000000,100725381,511410329844989,2025-04-24T20:32:12,2025-07-04
GOLDM25JUNFUT,,2025-04-24,MCX,COM,,sell,false,10.000000,95750.000000,100800777,511410328816928,2025-04-24T21:40:30,2025-06-05
GOLDM25JULFUT,,2025-04-24,MCX,COM,,buy,false,10.000000,96139.000000,100804912,511410330299669,2025-04-24T21:42:34,2025-07-04
GOLDM25MAY96000CE,,2025-04-24,MCX,COM,,sell,false,10.000000,2297.000000,100807053,511410330304307,2025-04-24T21:44:17,2025-05-27
GOLDM25JUNFUT,,2025-04-24,MCX,COM,,sell,false,10.000000,95752.000000,100810254,511410330321545,2025-04-24T21:46:35,2025-06-05
GOLDM25JUNFUT,,2025-04-24,MCX,COM,,buy,false,10.000000,95650.000000,100825157,511410330324903,2025-04-24T22:04:44,2025-06-05
GOLDM25MAY95000PE,,2025-04-24,MCX,COM,,sell,false,10.000000,2069.500000,100828029,511410330427468,2025-04-24T22:07:14,2025-05-27
GOLDM25MAY96000PE,,2025-04-24,MCX,COM,,buy,false,10.000000,2400.000000,100862155,511410330604301,2025-04-24T22:50:01,2025-05-27
GOLDM25MAY97000CE,,2025-04-24,MCX,COM,,buy,false,10.000000,1839.500000,100886066,511410330719708,2025-04-24T23:18:24,2025-05-27
GOLDM25JULFUT,,2025-04-24,MCX,COM,,buy,false,10.000000,96183.000000,100886502,511410330726786,2025-04-24T23:18:53,2025-07-04
GOLDM25JULFUT,,2025-04-25,MCX,COM,,sell,false,10.000000,96438.000000,100000912,511510324005926,2025-04-25T09:00:24,2025-07-04
GOLDM25MAY96000PE,,2025-04-25,MCX,COM,,sell,false,10.000000,2268.000000,100003102,511510324008870,2025-04-25T09:02:06,2025-05-27
GOLDM25MAY97000CE,,2025-04-25,MCX,COM,,sell,false,10.000000,1871.000000,100005490,511510324017913,2025-04-25T09:05:03,2025-05-27
GOLDM25MAY96000PE,,2025-04-25,MCX,COM,,buy,false,10.000000,2341.000000,100006563,511510324021880,2025-04-25T09:05:57,2025-05-27
GOLDM25MAY96000CE,,2025-04-25,MCX,COM,,buy,false,10.000000,2310.000000,100008073,511510324037404,2025-04-25T09:08:12,2025-05-27
GOLDM25JUNFUT,,2025-04-25,MCX,COM,,sell,false,10.000000,95868.000000,100010684,511510324068317,2025-04-25T09:11:34,2025-06-05
GOLDM25MAY96000CE,,2025-04-25,MCX,COM,,sell,false,10.000000,2121.000000,100022855,511510324140618,2025-04-25T09:26:06,2025-05-27
GOLDM25JUNFUT,,2025-04-25,MCX,COM,,buy,false,10.000000,95378.000000,100034443,511510324227988,2025-04-25T09:34:39,2025-06-05
GOLDM25MAY96000PE,,2025-04-25,MCX,COM,,sell,false,10.000000,2566.500000,100035498,511510324229590,2025-04-25T09:36:25,2025-05-27
GOLDM25JUNFUT,,2025-04-25,MCX,COM,,sell,false,10.000000,94740.000000,100289308,511510327781505,2025-04-25T18:44:31,2025-06-05
GOLDM25MAY94000PE,,2025-04-25,MCX,COM,,buy,false,10.000000,1995.000000,100291388,511510327810102,2025-04-25T18:46:08,2025-05-27
GOLDM25JUNFUT,,2025-04-25,MCX,COM,,buy,false,10.000000,94549.000000,100339680,511510328343717,2025-04-25T19:12:59,2025-06-05
GOLDM25JUNFUT,,2025-04-25,MCX,COM,,sell,false,10.000000,94618.000000,100352106,511510328527821,2025-04-25T19:19:37,2025-06-05
GOLDM25JUNFUT,,2025-04-25,MCX,COM,,buy,false,10.000000,94500.000000,100363556,511510328535205,2025-04-25T19:31:59,2025-06-05
GOLDM25JUNFUT,,2025-04-25,MCX,COM,,sell,false,10.000000,94618.000000,100372127,511510328881042,2025-04-25T19:38:29,2025-06-05
GOLDM25MAY94000PE,,2025-04-25,MCX,COM,,sell,false,10.000000,1980.000000,100374594,511510328930622,2025-04-25T19:41:05,2025-05-27
GOLDM25MAY96000CE,,2025-04-25,MCX,COM,,buy,false,10.000000,1805.500000,100375178,511510328941486,2025-04-25T19:41:42,2025-05-27
GOLDM25JUNFUT,,2025-04-25,MCX,COM,,buy,false,10.000000,94600.000000,100379894,511510328888291,2025-04-25T19:48:50,2025-06-05
GOLDM25MAY94000PE,,2025-04-25,MCX,COM,,buy,false,10.000000,2035.000000,100380613,511510329040081,2025-04-25T19:49:52,2025-05-27
GOLDM25MAY96000CE,,2025-04-25,MCX,COM,,buy,false,10.000000,1768.000000,100381144,511510329050616,2025-04-25T19:51:08,2025-05-27
GOLDM25MAY94000PE,,2025-04-25,MCX,COM,,sell,false,10.000000,1975.000000,100390325,511510329183201,2025-04-25T20:07:15,2025-05-27
GOLDM25JUNFUT,,2025-04-25,MCX,COM,,buy,false,10.000000,94619.000000,100393120,511510329230372,2025-04-25T20:13:15,2025-06-05
GOLDM25JUNFUT,,2025-04-25,MCX,COM,,sell,false,10.000000,94689.000000,100444919,511510329899981,2025-04-25T21:59:41,2025-06-05
GOLDM25MAY94000PE,,2025-04-25,MCX,COM,,buy,false,10.000000,1912.000000,100453457,511510329998596,2025-04-25T22:16:51,2025-05-27
GOLDM25MAY94000PE,,2025-04-25,MCX,COM,,buy,false,10.000000,1730.000000,100489627,511510330328829,2025-04-25T23:22:59,2025-05-27
GOLDM25MAY96000CE,,2025-04-25,MCX,COM,,sell,false,20.000000,1786.500000,100492396,511510330337014,2025-04-25T23:25:48,2025-05-27
GOLDM25MAY96000CE,,2025-04-25,MCX,COM,,buy,false,10.000000,1804.500000,100494455,511510330353025,2025-04-25T23:28:13,2025-05-27
GOLDM25MAY96000CE,,2025-04-28,MCX,COM,,sell,false,10.000000,1618.000000,100005226,511810324018568,2025-04-28T09:02:52,2025-05-27
GOLDM25JUNFUT,,2025-04-28,MCX,COM,,buy,false,10.000000,94875.000000,100010528,511810324045671,2025-04-28T09:07:33,2025-06-05
GOLDM25MAY96000CE,,2025-04-28,MCX,COM,,buy,false,10.000000,1725.000000,100013882,511810324066739,2025-04-28T09:12:18,2025-05-27
GOLDM25MAY94000PE,,2025-04-28,MCX,COM,,sell,false,20.000000,1752.000000,100015127,511810324050638,2025-04-28T09:14:10,2025-05-27
GOLDM25MAY96000CE,,2025-04-28,MCX,COM,,buy,false,10.000000,1745.000000,100015716,511810324074266,2025-04-28T09:15:18,2025-05-27
GOLDM25MAY94000PE,,2025-04-28,MCX,COM,,buy,false,10.000000,1881.000000,100080238,511810324832427,2025-04-28T12:11:25,2025-05-27
GOLDM25MAY94000PE,,2025-04-28,MCX,COM,,sell,false,10.000000,1423.000000,100435156,511810329003373,2025-04-28T20:04:04,2025-05-27
GOLDM25JUNFUT,,2025-04-28,MCX,COM,,sell,false,10.000000,96023.000000,100675614,511810331004120,2025-04-28T23:19:16,2025-06-05
GOLDM25JUNFUT,,2025-04-29,MCX,COM,,buy,false,10.000000,95378.000000,100005513,511910324014590,2025-04-29T09:01:26,2025-06-05
GOLDM25MAY96000CE,,2025-04-29,MCX,COM,,sell,false,10.000000,1850.000000,100132330,511910324942878,2025-04-29T12:50:13,2025-05-27
GOLDM25MAY96000CE,,2025-04-29,MCX,COM,,sell,false,10.000000,1850.000000,100132384,511910324942878,2025-04-29T12:50:25,2025-05-27
GOLDM25JUNFUT,,2025-04-29,MCX,COM,,sell,false,10.000000,95650.000000,100142085,511910325046512,2025-04-29T13:28:35,2025-06-05
GOLDM25JUNFUT,,2025-04-29,MCX,COM,,buy,false,10.000000,95175.000000,100356110,511910328032346,2025-04-29T19:18:40,2025-06-05
GOLDM25JUNFUT,,2025-04-29,MCX,COM,,sell,false,10.000000,95449.000000,100485856,511910328177085,2025-04-29T21:44:47,2025-06-05
GOLDM25JUNFUT,,2025-04-30,MCX,COM,,buy,false,10.000000,95172.000000,100024010,512010324198239,2025-04-30T09:31:35,2025-06-05
GOLDM25MAY94000PE,,2025-04-30,MCX,COM,,buy,false,10.000000,2160.000000,100390501,512010327694435,2025-04-30T16:34:22,2025-05-27
GOLDM25MAY96000CE,,2025-04-30,MCX,COM,,buy,false,10.000000,1232.500000,100406758,512010327825684,2025-04-30T16:47:33,2025-05-27
GOLDM25JUNFUT,,2025-04-30,MCX,COM,,buy,false,10.000000,93945.000000,100406877,512010327826278,2025-04-30T16:47:47,2025-06-05
GOLDM25MAY96000CE,,2025-04-30,MCX,COM,,buy,false,10.000000,1221.000000,100407379,512010327828056,2025-04-30T16:48:14,2025-05-27
GOLDM25MAY94000PE,,2025-04-30,MCX,COM,,sell,false,10.000000,1745.000000,100572204,512010329179168,2025-04-30T18:20:43,2025-05-27
GOLDM25MAY96000CE,,2025-04-30,MCX,COM,,sell,false,20.000000,1536.000000,100682993,512010330228005,2025-04-30T19:18:12,2025-05-27
GOLDM25JUNFUT,,2025-04-30,MCX,COM,,sell,false,10.000000,94800.000000,100743620,512010330726728,2025-04-30T19:50:17,2025-06-05
GOLDM25JUNFUT,,2025-04-30,MCX,COM,,sell,false,10.000000,94800.000000,100743622,512010330726728,2025-04-30T19:50:17,2025-06-05
GOLDM25JUNFUT,,2025-05-01,MCX,COM,,buy,false,10.000000,92694.000000,100020428,512110612058632,2025-05-01T17:03:33,2025-06-05
GOLDM25MAY96000CE,,2025-05-01,MCX,COM,,buy,false,10.000000,742.000000,100021488,512110612062681,2025-05-01T17:03:51,2025-05-27
GOLDM25MAY96000CE,,2025-05-01,MCX,COM,,buy,false,10.000000,742.000000,100021769,512110612063147,2025-05-01T17:03:57,2025-05-27
GOLDM25MAY96000CE,,2025-05-01,MCX,COM,,buy,false,10.000000,747.500000,100022783,512110612065883,2025-05-01T17:04:17,2025-05-27
GOLDM25JULFUT,,2025-05-01,MCX,COM,,sell,false,10.000000,92707.000000,100061235,512110612197100,2025-05-01T17:19:26,2025-07-04
GOLDM25MAY96000CE,,2025-05-01,MCX,COM,,sell,false,20.000000,682.000000,100067368,512110612222662,2025-05-01T17:20:58,2025-05-27
GOLDM25MAY96000CE,,2025-05-01,MCX,COM,,sell,false,10.000000,682.000000,100067391,512110612222662,2025-05-01T17:20:59,2025-05-27
GOLDM25JULFUT,,2025-05-01,MCX,COM,,buy,false,10.000000,92932.000000,100140798,512110612792439,2025-05-01T18:10:54,2025-07-04
GOLDM25JUNFUT,,2025-05-01,MCX,COM,,buy,false,10.000000,92600.000000,100143751,512110612828715,2025-05-01T18:14:00,2025-06-05
GOLDM25MAY96000CE,,2025-05-01,MCX,COM,,buy,false,10.000000,803.000000,100144692,512110612837677,2025-05-01T18:14:30,2025-05-27
GOLDM25MAY96000CE,,2025-05-01,MCX,COM,,buy,false,10.000000,806.000000,100145281,512110612845481,2025-05-01T18:15:23,2025-05-27
GOLDM25MAY96000CE,,2025-05-01,MCX,COM,,sell,false,20.000000,765.000000,100165995,512110613057227,2025-05-01T18:37:45,2025-05-27
GOLDM25JULFUT,,2025-05-01,MCX,COM,,sell,false,10.000000,92837.000000,100166127,512110613066433,2025-05-01T18:37:57,2025-07-04
GOLDM25MAY96000CE,,2025-05-01,MCX,COM,,buy,false,10.000000,771.500000,100167403,512110613076017,2025-05-01T18:39:04,2025-05-27
GOLDM25JULFUT,,2025-05-02,MCX,COM,,buy,false,10.000000,93296.000000,100005639,512210324022128,2025-05-02T09:02:06,2025-07-04
GOLDM25JUNFUT,,2025-05-02,MCX,COM,,sell,false,20.000000,92904.000000,100006048,512210324023363,2025-05-02T09:02:24,2025-06-05
GOLDM25MAY96000CE,,2025-05-02,MCX,COM,,sell,false,10.000000,787.500000,100007871,512210324024826,2025-05-02T09:03:26,2025-05-27
GOLDM25JUNFUT,,2025-05-02,MCX,COM,,sell,false,10.000000,92620.000000,100038076,512210324238380,2025-05-02T09:55:04,2025-06-05
GOLDM25JULFUT,,2025-05-02,MCX,COM,,sell,false,10.000000,92951.000000,100038231,512210324243855,2025-05-02T09:55:28,2025-07-04
GOLDM25MAY96000CE,,2025-05-02,MCX,COM,,buy,false,10.000000,752.000000,100088377,512210324969382,2025-05-02T13:10:21,2025-05-27
GOLDM25JUNFUT,,2025-05-02,MCX,COM,,buy,false,10.000000,92926.000000,100099514,512210325143188,2025-05-02T14:06:35,2025-06-05
GOLDM25MAY96000CE,,2025-05-02,MCX,COM,,sell,false,10.000000,930.500000,100174926,512210325859401,2025-05-02T17:04:03,2025-05-27
GOLDM25JUNFUT,,2025-05-02,MCX,COM,,buy,false,10.000000,93269.000000,100181301,512210325920380,2025-05-02T17:21:27,2025-06-05
GOLDM25JUNFUT,,2025-05-05,MCX,COM,,sell,false,10.000000,93701.000000,100070759,512510324501952,2025-05-05T14:26:05,2025-06-05
GOLDM25JULFUT,,2025-05-05,MCX,COM,,buy,false,10.000000,94049.000000,100070827,512510324502400,2025-05-05T14:26:13,2025-07-04
GOLDM25MAY96000CE,,2025-05-05,MCX,COM,,buy,false,10.000000,949.500000,100071299,512510324504078,2025-05-05T14:26:51,2025-05-27
GOLDM25JULFUT,,2025-05-05,MCX,COM,,buy,false,10.000000,94050.000000,100071359,512510324504416,2025-05-05T14:27:00,2025-07-04
GOLDM25JULFUT,,2025-05-05,MCX,COM,,buy,false,10.000000,94468.000000,100096288,512510324602945,2025-05-05T14:49:50,2025-07-04
GOLDM25MAY95000CE,,2025-05-05,MCX,COM,,buy,false,10.000000,1450.000000,100096547,512510324604673,2025-05-05T14:50:16,2025-05-27
GOLDM25MAY96000CE,,2025-05-05,MCX,COM,,sell,false,10.000000,1180.000000,100106759,512510324651798,2025-05-05T14:59:37,2025-05-27
GOLDM25MAY95000CE,,2025-05-05,MCX,COM,,sell,false,10.000000,1571.500000,100107834,512510324655468,2025-05-05T15:00:06,2025-05-27
GOLDM25JULFUT,,2025-05-05,MCX,COM,,sell,false,20.000000,94700.000000,100128577,512510324703519,2025-05-05T15:30:10,2025-07-04
GOLDM25JULFUT,,2025-05-05,MCX,COM,,buy,false,10.000000,95033.000000,100198357,512510325085687,2025-05-05T18:23:13,2025-07-04
GOLDM25JUNFUT,,2025-05-05,MCX,COM,,buy,false,10.000000,94700.000000,100198377,512510325085832,2025-05-05T18:23:18,2025-06-05
GOLDM25JUNFUT,,2025-05-05,MCX,COM,,sell,false,10.000000,94800.000000,100224534,512510325088266,2025-05-05T19:36:29,2025-06-05
GOLDM25JULFUT,,2025-05-05,MCX,COM,,sell,false,10.000000,95100.000000,100286051,512510325088434,2025-05-05T23:29:10,2025-07-04
GOLDM25JUNFUT,,2025-05-06,MCX,COM,,sell,false,10.000000,95862.000000,100018922,512610324044746,2025-05-06T09:07:21,2025-06-05
GOLDM25MAY94000PE,,2025-05-06,MCX,COM,,buy,false,10.000000,1100.000000,100019917,512610324046242,2025-05-06T09:08:03,2025-05-27
GOLDM25JULFUT,,2025-05-06,MCX,COM,,sell,false,10.000000,96235.000000,100020197,512610324047147,2025-05-06T09:08:17,2025-07-04
GOLDM25JULFUT,,2025-05-06,MCX,COM,,buy,false,10.000000,96300.000000,100072474,512610324267607,2025-05-06T10:57:29,2025-07-04
GOLDM25JUNFUT,,2025-05-06,MCX,COM,,buy,false,10.000000,95995.000000,100072620,512610324268484,2025-05-06T10:58:05,2025-06-05
GOLDM25JUNFUT,,2025-05-06,MCX,COM,,buy,false,10.000000,96335.000000,100094086,512610324442299,2025-05-06T11:48:12,2025-06-05
GOLDM25JULFUT,,2025-05-06,MCX,COM,,buy,false,10.000000,96821.000000,100122326,512610324643970,2025-05-06T13:11:43,2025-07-04
GOLDM25JUNFUT,,2025-05-06,MCX,COM,,sell,false,10.000000,96629.000000,100174082,512610325097982,2025-05-06T15:47:58,2025-06-05
GOLDM25JULFUT,,2025-05-06,MCX,COM,,sell,false,10.000000,96932.000000,100174088,512610325098072,2025-05-06T15:48:03,2025-07-04
GOLDM25MAY94000PE,,2025-05-06,MCX,COM,,sell,false,10.000000,877.000000,100177625,512610325123853,2025-05-06T16:00:47,2025-05-27
GOLDM25JUNFUT,,2025-05-06,MCX,COM,,buy,false,10.000000,96511.000000,100180642,512610325171001,2025-05-06T16:12:16,2025-06-05
GOLDM25JULFUT,,2025-05-06,MCX,COM,,buy,false,10.000000,96830.000000,100180685,512610325173521,2025-05-06T16:12:24,2025-07-04
GOLDM25JULFUT,,2025-05-06,MCX,COM,,sell,false,10.000000,97156.000000,100264896,512610326300661,2025-05-06T19:54:42,2025-07-04
GOLDM25JUNFUT,,2025-05-06,MCX,COM,,sell,false,10.000000,96836.000000,100264908,512610326301026,2025-05-06T19:54:46,2025-06-05
GOLDM25JUNFUT,,2025-05-06,MCX,COM,,buy,false,10.000000,97400.000000,100361006,512610327124542,2025-05-06T23:05:10,2025-06-05
GOLDM25JULFUT,,2025-05-06,MCX,COM,,buy,false,10.000000,97726.000000,100361037,512610327124759,2025-05-06T23:05:14,2025-07-04
GOLDM25MAY96000PE,,2025-05-08,MCX,COM,,buy,false,10.000000,1296.000000,100014027,512810324063525,2025-05-08T09:26:08,2025-05-27
GOLDM25JUNFUT,,2025-05-08,MCX,COM,,sell,false,10.000000,96308.000000,100082419,512810324616270,2025-05-08T11:36:47,2025-06-05
GOLDM25JULFUT,,2025-05-08,MCX,COM,,sell,false,10.000000,96692.000000,100082425,512810324616447,2025-05-08T11:36:50,2025-07-04
GOLDM25JUNFUT,,2025-05-08,MCX,COM,,sell,false,10.000000,96350.000000,100082573,512810324618226,2025-05-08T11:37:14,2025-06-05
GOLDM25MAY96000PE,,2025-05-08,MCX,COM,,buy,false,10.000000,1610.000000,100082953,512810324622866,2025-05-08T11:38:05,2025-05-27
GOLDM25MAY94000PE,,2025-05-08,MCX,COM,,buy,false,10.000000,835.000000,100083022,512810324626376,2025-05-08T11:38:15,2025-05-27
GOLDM25MAY94000PE,,2025-05-08,MCX,COM,,buy,false,10.000000,1026.500000,100134777,512810325054887,2025-05-08T12:12:58,2025-05-27
GOLDM25MAY94000PE,,2025-05-08,MCX,COM,,sell,false,10.000000,1020.000000,100136081,512810325065803,2025-05-08T12:14:46,2025-05-27
GOLDM25MAY94000PE,,2025-05-08,MCX,COM,,sell,false,10.000000,1020.000000,100136085,512810325065803,2025-05-08T12:14:46,2025-05-27
GOLDM25MAY96000PE,,2025-05-08,MCX,COM,,sell,false,20.000000,1900.000000,100136097,512810325062457,2025-05-08T12:14:46,2025-05-27
GOLDM25JULFUT,,2025-05-08,MCX,COM,,sell,false,10.000000,96037.000000,100137935,512810325085180,2025-05-08T12:17:13,2025-07-04
GOLDM25JUNFUT,,2025-05-08,MCX,COM,,buy,false,10.000000,95890.000000,100158598,512810325212619,2025-05-08T12:36:13,2025-06-05
GOLDM25JULFUT,,2025-05-08,MCX,COM,,buy,false,10.000000,96299.000000,100159024,512810325213853,2025-05-08T12:36:22,2025-07-04
GOLDM25MAY96000CE,,2025-05-08,MCX,COM,,buy,false,10.000000,1690.000000,100162239,512810325227295,2025-05-08T12:37:25,2025-05-27
GOLDM25JUNFUT,,2025-05-08,MCX,COM,,buy,false,10.000000,96399.000000,100216448,512810325548114,2025-05-08T14:27:35,2025-06-05
GOLDM25JUNFUT,,2025-05-08,MCX,COM,,sell,false,10.000000,96601.000000,100270213,512810325853673,2025-05-08T16:22:27,2025-06-05
GOLDM25MAY96000CE,,2025-05-08,MCX,COM,,sell,false,10.000000,2150.000000,100270445,512810325853527,2025-05-08T16:24:08,2025-05-27
GOLDM25JUNFUT,,2025-05-08,MCX,COM,,buy,false,10.000000,97095.000000,100321802,512810326295469,2025-05-08T19:02:18,2025-06-05
GOLDM25JULFUT,,2025-05-08,MCX,COM,,buy,false,10.000000,97443.000000,100322172,512810326296367,2025-05-08T19:02:29,2025-07-04
GOLDM25MAY96000PE,,2025-05-08,MCX,COM,,buy,false,10.000000,1355.000000,100340405,512810326432762,2025-05-08T19:22:42,2025-05-27
GOLDM25JULFUT,,2025-05-08,MCX,COM,,sell,false,10.000000,97307.000000,100341244,512810326442483,2025-05-08T19:24:12,2025-07-04
GOLDM25JULFUT,,2025-05-08,MCX,COM,,sell,false,10.000000,97116.000000,100348142,512810326502886,2025-05-08T19:32:10,2025-07-04
GOLDM25JULFUT,,2025-05-08,MCX,COM,,buy,false,10.000000,97404.000000,100363961,512810326728590,2025-05-08T20:15:15,2025-07-04
GOLDM25JULFUT,,2025-05-08,MCX,COM,,buy,false,10.000000,97331.000000,100366855,512810326859705,2025-05-08T20:25:39,2025-07-04
GOLDM25MAY96000PE,,2025-05-08,MCX,COM,,sell,false,10.000000,1410.000000,100382998,512810327076439,2025-05-08T21:07:00,2025-05-27
GOLDM25MAY96000PE,,2025-05-08,MCX,COM,,buy,false,10.000000,1563.500000,100420790,512810327489779,2025-05-08T21:47:40,2025-05-27
GOLDM25JUNFUT,,2025-05-08,MCX,COM,,sell,false,10.000000,96188.000000,100422731,512810327525163,2025-05-08T21:49:35,2025-06-05
GOLDM25JULFUT,,2025-05-08,MCX,COM,,sell,false,10.000000,96582.000000,100422781,512810327525578,2025-05-08T21:49:38,2025-07-04
GOLDM25JUNFUT,,2025-05-08,MCX,COM,,sell,false,10.000000,96149.000000,100423137,512810327526804,2025-05-08T21:49:44,2025-06-05
GOLDM25JULFUT,,2025-05-08,MCX,COM,,sell,false,10.000000,96551.000000,100423211,512810327527357,2025-05-08T21:49:48,2025-07-04
GOLDM25JULFUT,,2025-05-08,MCX,COM,,buy,false,10.000000,96726.000000,100430230,512810327588321,2025-05-08T21:56:31,2025-07-04
GOLDM25JUNFUT,,2025-05-08,MCX,COM,,buy,false,10.000000,96316.000000,100430286,512810327588722,2025-05-08T21:56:35,2025-06-05
GOLDM25JULFUT,,2025-05-08,MCX,COM,,buy,false,10.000000,96744.000000,100430344,512810327589382,2025-05-08T21:56:40,2025-07-04
GOLDM25JUNFUT,,2025-05-08,MCX,COM,,buy,false,10.000000,96340.000000,100430377,512810327589991,2025-05-08T21:56:44,2025-06-05
GOLDM25MAY96000PE,,2025-05-08,MCX,COM,,sell,false,10.000000,1599.000000,100430566,512810327581262,2025-05-08T21:56:55,2025-05-27
GOLDM25JUNFUT,,2025-05-09,MCX,COM,,sell,false,10.000000,95851.000000,100009889,512910324110769,2025-05-09T09:09:55,2025-06-05
GOLDM25JULFUT,,2025-05-09,MCX,COM,,sell,false,10.000000,96241.000000,100010080,512910324112061,2025-05-09T09:10:19,2025-07-04
GOLDM25MAY96000CE,,2025-05-09,MCX,COM,,buy,false,10.000000,1776.000000,100020520,512910324177236,2025-05-09T09:35:13,2025-05-27
GOLDM25JUNFUT,,2025-05-09,MCX,COM,,buy,false,10.000000,96134.000000,100020761,512910324178245,2025-05-09T09:35:28,2025-06-05
GOLDM25JULFUT,,2025-05-09,MCX,COM,,buy,false,10.000000,96545.000000,100021746,512910324183213,2025-05-09T09:36:36,2025-07-04
GOLDM25JUNFUT,,2025-05-09,MCX,COM,,sell,false,10.000000,96335.000000,100027281,512910324185226,2025-05-09T09:45:32,2025-06-05
GOLDM25MAY96000CE,,2025-05-09,MCX,COM,,sell,false,10.000000,1950.000000,100037336,512910324187923,2025-05-09T10:17:53,2025-05-27
GOLDM25JULFUT,,2025-05-09,MCX,COM,,sell,false,10.000000,96750.000000,100037771,512910324186576,2025-05-09T10:18:32,2025-07-04
GOLDM25JUNFUT,,2025-05-09,MCX,COM,,buy,false,10.000000,96690.000000,100052937,512910324420343,2025-05-09T10:42:56,2025-06-05
GOLDM25JULFUT,,2025-05-09,MCX,COM,,buy,false,10.000000,97065.000000,100052957,512910324420460,2025-05-09T10:42:59,2025-07-04
GOLDM25JULFUT,,2025-05-12,MCX,COM,,sell,false,10.000000,93680.000000,100186506,513210325092766,2025-05-12T12:37:55,2025-07-04
GOLDM25JUNFUT,,2025-05-12,MCX,COM,,sell,false,10.000000,93279.000000,100188477,513210325099731,2025-05-12T12:38:34,2025-06-05
GOLDM25JULFUT,,2025-05-12,MCX,COM,,buy,false,10.000000,93655.000000,100189362,513210325102804,2025-05-12T12:38:56,2025-07-04
GOLDM25JUNFUT,,2025-05-12,MCX,COM,,sell,false,10.000000,93250.000000,100190239,513210325106259,2025-05-12T12:39:20,2025-06-05
GOLDM25MAY96000CE,,2025-05-12,MCX,COM,,buy,false,10.000000,531.000000,100195015,513210325127677,2025-05-12T12:41:40,2025-05-27
GOLDM25MAY96000CE,,2025-05-12,MCX,COM,,buy,false,10.000000,540.000000,100195775,513210325131109,2025-05-12T12:42:01,2025-05-27
GOLDM25JUNFUT,,2025-05-12,MCX,COM,,buy,false,10.000000,93413.000000,100197664,513210325141971,2025-05-12T12:42:41,2025-06-05
GOLDM25JUNFUT,,2025-05-12,MCX,COM,,sell,false,10.000000,92921.000000,100236682,513210325393383,2025-05-12T13:00:42,2025-06-05
GOLDM25MAY96000CE,,2025-05-12,MCX,COM,,sell,false,10.000000,495.000000,100237032,513210325396500,2025-05-12T13:00:56,2025-05-27
GOLDM25MAY96000CE,,2025-05-12,MCX,COM,,sell,false,10.000000,495.000000,100237030,513210325396500,2025-05-12T13:00:56,2025-05-27
GOLDM25JUNFUT,,2025-05-12,MCX,COM,,buy,false,10.000000,92865.000000,100279507,513210325695983,2025-05-12T13:25:50,2025-06-05
GOLDM25MAY96000CE,,2025-05-12,MCX,COM,,buy,false,10.000000,507.000000,100293265,513210325858237,2025-05-12T13:41:53,2025-05-27
GOLDM25MAY96000CE,,2025-05-12,MCX,COM,,buy,false,10.000000,506.500000,100293263,513210325858237,2025-05-12T13:41:53,2025-05-27
GOLDM25JUNFUT,,2025-05-12,MCX,COM,,sell,false,10.000000,92729.000000,100405176,513210326858045,2025-05-12T16:58:03,2025-06-05
GOLDM25JULFUT,,2025-05-12,MCX,COM,,sell,false,10.000000,93447.000000,100544600,513210329113071,2025-05-12T21:43:33,2025-07-04
GOLDM25MAY96000CE,,2025-05-12,MCX,COM,,sell,false,10.000000,501.500000,100545047,513210329115795,2025-05-12T21:44:11,2025-05-27
GOLDM25MAY96000CE,,2025-05-12,MCX,COM,,sell,false,10.000000,502.000000,100545045,513210329115795,2025-05-12T21:44:11,2025-05-27
GOLDM25MAY92000PE,,2025-05-13,MCX,COM,,buy,false,10.000000,1000.000000,100006483,513310324028150,2025-05-13T09:06:52,2025-05-27
GOLDM25JUNFUT,,2025-05-13,MCX,COM,,buy,false,10.000000,93110.000000,100023443,513310324226605,2025-05-13T09:45:23,2025-06-05
GOLDM25MAY92000PE,,2025-05-13,MCX,COM,,sell,false,10.000000,980.000000,100023528,513310324227757,2025-05-13T09:45:36,2025-05-27
GOLDM25JUNFUT,,2025-05-13,MCX,COM,,buy,false,10.000000,93123.000000,100023578,513310324228318,2025-05-13T09:45:52,2025-06-05
GOLDM25MAY96000CE,,2025-05-13,MCX,COM,,buy,false,10.000000,529.500000,100024907,513310324234093,2025-05-13T09:47:32,2025-05-27
GOLDM25MAY96000CE,,2025-05-13,MCX,COM,,sell,false,10.000000,673.500000,100102880,513310324876646,2025-05-13T12:28:04,2025-05-27
GOLDM25JUNFUT,,2025-05-13,MCX,COM,,sell,false,10.000000,93797.000000,100103016,513310324877395,2025-05-13T12:28:16,2025-06-05
GOLDM25JULFUT,,2025-05-13,MCX,COM,,buy,false,10.000000,94235.000000,100103675,513310324880728,2025-05-13T12:29:22,2025-07-04
GOLDM25MAY96000CE,,2025-05-13,MCX,COM,,buy,false,10.000000,710.000000,100105138,513310324884851,2025-05-13T12:30:49,2025-05-27
GOLDM25MAY95000CE,,2025-05-13,MCX,COM,,buy,false,10.000000,1017.000000,100105454,513310324884654,2025-05-13T12:31:11,2025-05-27
GOLDM25MAY96000CE,,2025-05-13,MCX,COM,,buy,false,10.000000,697.000000,100105771,513310324892262,2025-05-13T12:31:25,2025-05-27
GOLDM25MAY95000CE,,2025-05-13,MCX,COM,,buy,false,10.000000,1001.500000,100106049,513310324894092,2025-05-13T12:32:06,2025-05-27
GOLDM25MAY96000CE,,2025-05-13,MCX,COM,,buy,false,10.000000,670.000000,100192045,513310325998617,2025-05-13T17:28:37,2025-05-27
GOLDM25JUNFUT,,2025-05-14,MCX,COM,,sell,false,10.000000,93086.000000,100001983,513410324007897,2025-05-14T09:00:22,2025-06-05
GOLDM25JUNFUT,,2025-05-14,MCX,COM,,buy,false,10.000000,93184.000000,100005266,513410324017214,2025-05-14T09:02:00,2025-06-05
GOLDM25MAY96000CE,,2025-05-15,MCX,COM,,sell,false,10.000000,200.000000,100074324,513510324323656,2025-05-15T10:28:58,2025-05-27
GOLDM25MAY95000CE,,2025-05-15,MCX,COM,,sell,false,20.000000,292.000000,100074856,513510324323294,2025-05-15T10:29:52,2025-05-27
GOLDM25MAY96000CE,,2025-05-15,MCX,COM,,sell,false,10.000000,201.000000,100076246,513510324323656,2025-05-15T10:32:20,2025-05-27
GOLDM25MAY96000CE,,2025-05-15,MCX,COM,,sell,false,10.000000,201.000000,100076256,513510324323656,2025-05-15T10:32:20,2025-05-27
GOLDM25JUNFUT,,2025-05-15,MCX,COM,,sell,false,10.000000,91378.000000,100080543,513510324357658,2025-05-15T10:38:44,2025-06-05
GOLDM25MAY96000CE,,2025-05-15,MCX,COM,,buy,false,10.000000,314.000000,100371415,513510326839870,2025-05-15T18:42:04,2025-05-27
GOLDM25MAY95000CE,,2025-05-15,MCX,COM,,buy,false,10.000000,500.000000,100381476,513510326905066,2025-05-15T18:49:03,2025-05-27
GOLDM25MAY96000CE,,2025-05-15,MCX,COM,,buy,false,10.000000,342.000000,100381633,513510326907128,2025-05-15T18:49:14,2025-05-27
GOLDM25MAY96000CE,,2025-05-16,MCX,COM,,sell,false,10.000000,412.500000,100041462,513610324215346,2025-05-16T10:04:30,2025-05-27
GOLDM25MAY96000CE,,2025-05-16,MCX,COM,,sell,false,10.000000,412.000000,100041464,513610324215346,2025-05-16T10:04:30,2025-05-27
GOLDM25MAY95000CE,,2025-05-16,MCX,COM,,sell,false,10.000000,622.500000,100041741,513610324215086,2025-05-16T10:05:05,2025-05-27
GOLDM25MAY94000CE,,2025-05-16,MCX,COM,,buy,false,10.000000,945.000000,100041886,513610324218017,2025-05-16T10:05:30,2025-05-27
GOLDM25MAY94000CE,,2025-05-16,MCX,COM,,sell,false,10.000000,800.000000,100189082,513610325669164,2025-05-16T15:40:33,2025-05-27
GOLDM25JULFUT,,2025-05-16,MCX,COM,,sell,false,10.000000,93356.000000,100189625,513610325671392,2025-05-16T15:41:00,2025-07-04
GOLDM25MAY91000PE,,2025-05-16,MCX,COM,,buy,false,10.000000,669.500000,100220487,513610325896675,2025-05-16T16:17:42,2025-05-27
GOLDM25JULFUT,,2025-05-19,MCX,COM,,buy,false,10.000000,93760.000000,100112621,513910324982906,2025-05-19T12:16:41,2025-07-04
GOLDM25JULFUT,,2025-05-20,MCX,COM,,sell,false,10.000000,94066.000000,100170769,514010325371534,2025-05-20T15:38:17,2025-07-04
GOLDM25JULFUT,,2025-05-20,MCX,COM,,buy,false,10.000000,94320.000000,100285312,514010326299583,2025-05-20T19:06:26,2025-07-04
GOLDM25JULFUT,,2025-05-20,MCX,COM,,sell,false,10.000000,94968.000000,100341418,514010326633115,2025-05-20T19:36:54,2025-07-04
GOLDM25JULFUT,,2025-05-21,MCX,COM,,buy,false,10.000000,95980.000000,100038398,514110324136970,2025-05-21T09:24:02,2025-07-04
GOLDM25MAY91000PE,,2025-05-21,MCX,COM,,buy,false,10.000000,71.000000,100187268,514110325446451,2025-05-21T14:11:18,2025-05-27
GOLDM25MAY91000PE,,2025-05-21,MCX,COM,,sell,false,10.000000,71.000000,100187647,514110325444062,2025-05-21T14:11:51,2025-05-27
GOLDM25MAY91000PE,,2025-05-21,MCX,COM,,sell,false,10.000000,70.000000,100187684,514110325444062,2025-05-21T14:11:53,2025-05-27
GOLDM25JULFUT,,2025-05-22,MCX,COM,,sell,false,10.000000,96731.000000,100133827,514210324839287,2025-05-22T13:00:41,2025-07-04
GOLDM25JULFUT,,2025-05-22,MCX,COM,,buy,false,10.000000,96033.000000,100335115,514210326574331,2025-05-22T17:15:11,2025-07-04
GOLDM25JULFUT,,2025-05-23,MCX,COM,,sell,false,10.000000,96700.000000,100305267,514310324313394,2025-05-23T17:31:21,2025-07-04
GOLDM25AUGFUT,,2025-05-23,MCX,COM,,buy,false,10.000000,97273.000000,100326876,514310326243910,2025-05-23T17:37:48,2025-08-05
GOLDM25JUNFUT,,2025-05-29,MCX,COM,,buy,false,10.000000,95450.000000,100218006,514910326296556,2025-05-29T19:06:50,2025-06-05
GOLDM25AUGFUT,,2025-06-02,MCX,COM,,sell,false,10.000000,97389.000000,100201264,515310325686412,2025-06-02T17:07:28,2025-08-05
SILVERM25JUN97000PE,,2025-06-02,MCX,COM,,buy,false,5.000000,899.500000,110263056,515311326451023,2025-06-02T21:31:04,2025-06-19
GOLDM25JUN95000PE,,2025-06-04,MCX,COM,,buy,false,10.000000,806.000000,100137114,515510325527702,2025-06-04T17:01:46,2025-06-25
GOLDM25JULFUT,,2025-06-04,MCX,COM,,buy,false,10.000000,97613.000000,100191729,515510326660582,2025-06-04T19:45:16,2025-07-04
GOLDM25JUN97000CE,,2025-06-04,MCX,COM,,buy,false,10.000000,1990.000000,100193078,515510326668522,2025-06-04T19:46:29,2025-06-25
GOLDM25JUN97000CE,,2025-06-04,MCX,COM,,sell,false,10.000000,2129.500000,100253162,515510327215568,2025-06-04T20:58:13,2025-06-25
GOLDM25JULFUT,,2025-06-04,MCX,COM,,sell,false,10.000000,97891.000000,100253174,515510327215829,2025-06-04T20:58:18,2025-07-04
GOLDM25JULFUT,,2025-06-05,MCX,COM,,buy,false,10.000000,98180.000000,100105117,515610325191873,2025-06-05T15:19:22,2025-07-04
GOLDM25JUN97000CE,,2025-06-05,MCX,COM,,buy,false,10.000000,2291.500000,100105570,515610325192753,2025-06-05T15:20:01,2025-06-25
GOLDM25JUN95000PE,,2025-06-09,MCX,COM,,sell,false,10.000000,940.500000,100014186,516010324045399,2025-06-09T09:05:14,2025-06-25
SILVERM25JUN97000PE,,2025-06-10,MCX,COM,,sell,false,5.000000,98.500000,110211260,516111328102073,2025-06-10T23:27:11,2025-06-19
GOLDM25JULFUT,,2025-06-13,MCX,COM,,sell,false,10.000000,99527.000000,100008266,516410324014461,2025-06-13T09:00:23,2025-07-04
GOLDM25JUN97000CE,,2025-06-13,MCX,COM,,sell,false,10.000000,2796.500000,100009640,516410324017306,2025-06-13T09:00:31,2025-06-25
GOLDM25JUN97000CE,,2025-06-13,MCX,COM,,sell,false,10.000000,2890.000000,100103618,516410324452821,2025-06-13T09:59:33,2025-06-25
GOLDM25JUN97000CE,,2025-06-13,MCX,COM,,buy,false,10.000000,2600.000000,100162297,516410324537350,2025-06-13T12:17:42,2025-06-25
GOLDM25JUN97000CE,,2025-06-13,MCX,COM,,sell,false,10.000000,3100.000000,100353860,516410327343132,2025-06-13T19:19:02,2025-06-25
GOLDM25JUN97000CE,,2025-06-16,MCX,COM,,buy,false,10.000000,2600.000000,100087302,516710324152618,2025-06-16T11:58:29,2025-06-25
GOLDM25JUN97000CE,,2025-06-16,MCX,COM,,sell,false,10.000000,2500.000000,100226199,516710327384339,2025-06-16T18:56:36,2025-06-25
GOLDM25JUN97000CE,,2025-06-16,MCX,COM,,buy,false,10.000000,1999.000000,100287809,516710327933269,2025-06-16T19:32:41,2025-06-25
GOLDM25JUN97000CE,,2025-06-17,MCX,COM,,sell,false,10.000000,2150.000000,100131706,516810325400670,2025-06-17T15:43:34,2025-06-25
GOLDM25JULFUT,,2025-06-18,MCX,COM,,buy,false,10.000000,99045.000000,100025587,516910324173966,2025-06-18T10:05:12,2025-07-04
GOLDM25AUGFUT,,2025-06-18,MCX,COM,,sell,false,10.000000,99349.000000,100064071,516910324688597,2025-06-18T11:41:40,2025-08-05
GOLDM25AUGFUT,,2025-06-18,MCX,COM,,buy,false,10.000000,99278.000000,100066170,516910324717788,2025-06-18T11:48:36,2025-08-05
GOLDM25JULFUT,,2025-06-18,MCX,COM,,sell,false,10.000000,98757.000000,100066182,516910324717936,2025-06-18T11:48:40,2025-07-04
GOLDM25JULFUT,,2025-06-18,MCX,COM,,buy,false,10.000000,99138.000000,100184048,516910326322247,2025-06-18T18:54:58,2025-07-04
GOLDM25AUGFUT,,2025-06-19,MCX,COM,,sell,false,10.000000,99151.000000,100002449,517010324008177,2025-06-19T09:00:45,2025-08-05
GOLDM25AUGFUT,,2025-06-19,MCX,COM,,buy,false,10.000000,99226.000000,100004475,517010324015979,2025-06-19T09:01:45,2025-08-05
GOLDM25JUN97000CE,,2025-06-19,MCX,COM,,buy,false,10.000000,2084.500000,100004726,517010324010146,2025-06-19T09:02:01,2025-06-25
GOLDM25AUGFUT,,2025-06-19,MCX,COM,,sell,false,10.000000,99037.000000,100063590,517010324380103,2025-06-19T11:25:30,2025-08-05
GOLDM25JULFUT,,2025-06-19,MCX,COM,,sell,false,10.000000,98400.000000,100082336,517010324525980,2025-06-19T11:40:25,2025-07-04
GOLDM25JULFUT,,2025-06-19,MCX,COM,,sell,false,10.000000,98377.000000,100083774,517010324532838,2025-06-19T11:40:56,2025-07-04
GOLDM25JULFUT,,2025-06-19,MCX,COM,,buy,false,10.000000,98777.000000,100157276,517010325221655,2025-06-19T13:13:16,2025-07-04
GOLDM25AUGFUT,,2025-06-19,MCX,COM,,buy,false,10.000000,99140.000000,100158545,517010325232166,2025-06-19T13:14:11,2025-08-05
GOLDM25JULFUT,,2025-06-19,MCX,COM,,buy,false,10.000000,98840.000000,100180298,517010325420190,2025-06-19T13:55:58,2025-07-04
GOLDM25JUN97000CE,,2025-06-19,MCX,COM,,sell,false,10.000000,2029.500000,100263580,517010326139019,2025-06-19T17:46:30,2025-06-25
GOLDM25JUN97000CE,,2025-06-20,MCX,COM,,buy,false,10.000000,1700.000000,100009078,517110324006857,2025-06-20T09:03:07,2025-06-25
GOLDM25JULFUT,,2025-06-20,MCX,COM,,sell,false,10.000000,98116.000000,100084358,517110324499575,2025-06-20T11:28:12,2025-07-04
GOLDM25JULFUT,,2025-06-20,MCX,COM,,buy,false,10.000000,98507.000000,100293481,517110326508105,2025-06-20T19:19:05,2025-07-04
GOLDM25JULFUT,,2025-06-23,MCX,COM,,sell,false,10.000000,98658.000000,100001828,517410324005926,2025-06-23T09:00:53,2025-07-04
GOLDM25JUN97000CE,,2025-06-23,MCX,COM,,sell,false,10.000000,1732.500000,100003176,517410324010303,2025-06-23T09:02:04,2025-06-25
GOLDM25AUGFUT,,2025-06-23,MCX,COM,,buy,false,10.000000,99195.000000,100005392,517410324019482,2025-06-23T09:04:43,2025-08-05
GOLDM25JUN97000CE,,2025-06-23,MCX,COM,,buy,false,10.000000,1600.000000,100060498,517410324047691,2025-06-23T11:03:51,2025-06-25
GOLDM25AUGFUT,,2025-06-23,MCX,COM,,sell,false,10.000000,98955.000000,100061405,517410324323406,2025-06-23T11:04:22,2025-08-05
GOLDM25JULFUT,,2025-06-23,MCX,COM,,buy,false,10.000000,98538.000000,100084168,517410324575300,2025-06-23T11:42:12,2025-07-04
GOLDM25JULFUT,,2025-06-23,MCX,COM,,sell,false,10.000000,98535.000000,100125395,517410324983899,2025-06-23T14:04:38,2025-07-04
GOLDM25JUN97000CE,,2025-06-23,MCX,COM,,sell,false,10.000000,1727.500000,100309102,517410326391162,2025-06-23T18:11:53,2025-06-25
GOLDM25AUGFUT,,2025-06-23,MCX,COM,,buy,false,10.000000,99100.000000,100314202,517410326476283,2025-06-23T18:19:03,2025-08-05
GOLDM25AUGFUT,,2025-06-23,MCX,COM,,sell,false,10.000000,99300.000000,100337020,517410326549128,2025-06-23T18:48:41,2025-08-05
GOLDM25JUN97000CE,,2025-06-24,MCX,COM,,buy,false,10.000000,958.000000,100009354,517510324015071,2025-06-24T09:00:38,2025-06-25
GOLDM25AUGFUT,,2025-06-24,MCX,COM,,buy,false,10.000000,98131.000000,100126073,517510324421017,2025-06-24T10:36:41,2025-08-05
GOLDM25JULFUT,,2025-06-24,MCX,COM,,sell,false,10.000000,97410.000000,100154332,517510324542003,2025-06-24T10:59:30,2025-07-04
GOLDM25JULFUT,,2025-06-24,MCX,COM,,buy,false,10.000000,97255.000000,100207187,517510324858564,2025-06-24T11:30:07,2025-07-04
GOLDM25SEPFUT,,2025-06-24,MCX,COM,,sell,false,10.000000,97892.000000,100394986,517510326129048,2025-06-24T14:39:11,2025-09-05
GOLDM25SEPFUT,,2025-06-25,MCX,COM,,buy,false,10.000000,97880.000000,100123527,517610324731710,2025-06-25T12:30:44,2025-09-05
GOLDM25JUL100000CE,,2025-06-25,MCX,COM,,sell,false,10.000000,646.000000,100367033,517610325985612,2025-06-25T18:45:27,2025-07-25
GOLDM25SEPFUT,,2025-06-25,MCX,COM,,sell,false,10.000000,97681.000000,100367316,517610325982799,2025-06-25T18:45:42,2025-09-05
GOLDM25AUGFUT,,2025-06-26,MCX,COM,,sell,false,10.000000,97526.000000,100000636,517710324005162,2025-06-26T09:00:38,2025-08-05
GOLDM25AUGFUT,,2025-06-26,MCX,COM,,buy,false,10.000000,97481.000000,100005252,517710324027427,2025-06-26T09:15:06,2025-08-05
GOLDM25JUL100000CE,,2025-06-26,MCX,COM,,buy,false,10.000000,542.000000,100136293,517710325630589,2025-06-26T18:38:02,2025-07-25
GOLDM25SEPFUT,,2025-06-26,MCX,COM,,buy,false,10.000000,97450.000000,100137373,517710325620101,2025-06-26T18:38:58,2025-09-05
GOLDM25JUL96000CE,,2025-06-26,MCX,COM,,sell,false,10.000000,1980.500000,100137850,517710325642155,2025-06-26T18:39:18,2025-07-25
GOLDM25JUL96000CE,,2025-06-27,MCX,COM,,buy,false,10.000000,1545.000000,100006683,517810324019452,2025-06-27T09:01:15,2025-07-25
GOLDM25JUL95000CE,,2025-06-27,MCX,COM,,sell,false,10.000000,2050.000000,100027454,517810324104258,2025-06-27T09:17:31,2025-07-25
GOLDM25JUL95000CE,,2025-06-27,MCX,COM,,buy,false,10.000000,1885.000000,100211534,517810325941987,2025-06-27T17:13:01,2025-07-25
GOLDM25SEPFUT,,2025-06-27,MCX,COM,,sell,false,10.000000,96199.000000,100211899,517810325945173,2025-06-27T17:14:57,2025-09-05
GOLDM25SEPFUT,,2025-06-27,MCX,COM,,buy,false,10.000000,95963.000000,100393377,517810327700515,2025-06-27T23:04:59,2025-09-05
GOLDM25SEPFUT,,2025-06-30,MCX,COM,,sell,false,10.000000,96103.000000,100000850,518110324006383,2025-06-30T09:00:38,2025-09-05
GOLDM25SEPFUT,,2025-06-30,MCX,COM,,buy,false,10.000000,96310.000000,100040424,518110324240148,2025-06-30T10:55:17,2025-09-05
GOLDM25AUGFUT,,2025-06-30,MCX,COM,,sell,false,10.000000,96019.000000,100173924,518110325810849,2025-06-30T18:24:22,2025-08-05
GOLDM25JUL95000CE,,2025-07-02,MCX,COM,,sell,false,10.000000,2847.500000,100236600,518310327388101,2025-07-02T23:25:54,2025-07-25
GOLDM25JUL97000CE,,2025-07-03,MCX,COM,,buy,false,10.000000,1663.000000,100029388,518410324335795,2025-07-03T11:18:33,2025-07-25
GOLDM25JUL95000CE,,2025-07-03,MCX,COM,,buy,false,10.000000,2400.000000,100366383,518410329799483,2025-07-03T23:03:57,2025-07-25
GOLDM25JUL95000CE,,2025-07-04,MCX,COM,,sell,false,10.000000,2426.500000,100097184,518510326170120,2025-07-04T17:39:12,2025-07-25
GOLDM25JUL95000CE,,2025-07-07,MCX,COM,,buy,false,10.000000,2221.000000,100049858,518810324786449,2025-07-07T11:25:55,2025-07-25
GOLDM25JUL95000CE,,2025-07-08,MCX,COM,,sell,false,10.000000,2530.000000,100001830,518910324012410,2025-07-08T09:03:05,2025-07-25
GOLDM25JUL95000CE,,2025-07-08,MCX,COM,,buy,false,10.000000,2350.000000,100110545,518910326341554,2025-07-08T17:50:25,2025-07-25
GOLDM25JUL96000CE,,2025-07-08,MCX,COM,,sell,false,10.000000,1380.500000,100198120,518910327902690,2025-07-08T20:11:25,2025-07-25
GOLDM25JUL97000CE,,2025-07-09,MCX,COM,,buy,false,10.000000,885.000000,100001960,519010324011493,2025-07-09T09:01:22,2025-07-25
GOLDM25JUL96000CE,,2025-07-10,MCX,COM,,buy,false,10.000000,1449.000000,100005782,519110324188943,2025-07-10T09:09:17,2025-07-25
GOLDM25JUL95000CE,,2025-07-10,MCX,COM,,sell,false,10.000000,1990.000000,100012144,519110324226518,2025-07-10T09:29:53,2025-07-25
GOLDM25AUGFUT,,2025-07-10,MCX,COM,,sell,false,10.000000,96463.000000,100014097,519110324257729,2025-07-10T09:37:31,2025-08-05
GOLDM25AUGFUT,,2025-07-10,MCX,COM,,buy,false,10.000000,96613.000000,100033232,519110324533355,2025-07-10T11:23:41,2025-08-05
GOLDM25SEPFUT,,2025-07-10,MCX,COM,,buy,false,10.000000,97219.000000,100043547,519110324724848,2025-07-10T12:13:04,2025-09-05
GOLDM25SEPFUT,,2025-07-11,MCX,COM,,sell,false,10.000000,97771.000000,100003472,519210324010537,2025-07-11T09:00:27,2025-09-05
GOLDM25JUL97000CE,,2025-07-11,MCX,COM,,sell,false,10.000000,1166.000000,100005353,519210324013006,2025-07-11T09:00:50,2025-07-25
GOLDM25JUL97000CE,,2025-07-11,MCX,COM,,sell,false,10.000000,1166.000000,100005363,519210324013006,2025-07-11T09:00:51,2025-07-25
GOLDM25SEPFUT,,2025-07-14,MCX,COM,,buy,false,10.000000,98509.000000,100001308,519510324007296,2025-07-14T09:00:57,2025-09-05
GOLDM25SEPFUT,,2025-07-21,MCX,COM,,sell,false,10.000000,98865.000000,100149382,520210325222797,2025-07-21T15:07:10,2025-09-05
GOLDM25SEPFUT,,2025-07-21,MCX,COM,,buy,false,10.000000,99575.000000,100367559,520210326697323,2025-07-21T19:15:41,2025-09-05
GOLDM25SEPFUT,,2025-07-22,MCX,COM,,sell,false,10.000000,99560.000000,100071517,520310324507128,2025-07-22T11:50:00,2025-09-05
GOLDM25SEPFUT,,2025-07-22,MCX,COM,,buy,false,10.000000,100111.000000,100283541,520310325927802,2025-07-22T18:12:48,2025-09-05
GOLDM25SEPFUT,,2025-07-22,MCX,COM,,sell,false,10.000000,100425.000000,100432733,520310326742330,2025-07-22T19:25:38,2025-09-05
GOLDM25AUGFUT,,2025-07-28,MCX,COM,,buy,false,10.000000,97845.000000,100000639,520910324004891,2025-07-28T09:00:48,2025-08-05
GOLDM25AUG97000CE,,2025-07-28,MCX,COM,,sell,false,10.000000,2315.500000,100094950,520910325119483,2025-07-28T15:32:19,2025-08-27
GOLDM25AUG97000CE,,2025-07-28,MCX,COM,,buy,false,10.000000,2090.000000,100165050,520910326214776,2025-07-28T19:15:45,2025-08-27
GOLDM25AUG96000CE,,2025-07-28,MCX,COM,,sell,false,10.000000,2638.000000,100176616,520910326288774,2025-07-28T19:22:06,2025-08-27
GOLDM25AUG96000CE,,2025-07-28,MCX,COM,,buy,false,10.000000,2586.500000,100235116,520910326544453,2025-07-28T20:05:22,2025-08-27
GOLDM25OCTFUT,,2025-07-29,MCX,COM,,buy,false,10.000000,98730.000000,100029052,521010324203963,2025-07-29T11:01:20,2025-10-03
GOLDM25OCTFUT,,2025-07-29,MCX,COM,,sell,false,10.000000,98940.000000,100150827,521010325155940,2025-07-29T18:50:41,2025-10-03
GOLDM25SEPFUT,,2025-07-29,MCX,COM,,buy,false,10.000000,98483.000000,100151444,521010325894552,2025-07-29T18:50:56,2025-09-05
GOLDM25SEPFUT,,2025-07-29,MCX,COM,,sell,false,10.000000,98600.000000,100201455,521010326008518,2025-07-29T20:16:24,2025-09-05
GOLDM25OCTFUT,,2025-07-30,MCX,COM,,sell,false,10.000000,99243.000000,100043759,521110324360117,2025-07-30T11:41:52,2025-10-03
GOLDM25OCTFUT,,2025-07-30,MCX,COM,,buy,false,10.000000,99475.000000,100069590,521110324596004,2025-07-30T13:15:50,2025-10-03
GOLDM25SEPFUT,,2025-07-30,MCX,COM,,buy,false,10.000000,99016.000000,100069700,521110324596868,2025-07-30T13:16:21,2025-09-05
GOLDM25SEPFUT,,2025-07-30,MCX,COM,,sell,false,10.000000,98933.000000,100072702,521110324628759,2025-07-30T13:30:29,2025-09-05
GOLDM25SEPFUT,,2025-07-30,MCX,COM,,buy,false,10.000000,99033.000000,100180788,521110325702982,2025-07-30T18:21:02,2025-09-05
GOLDM25SEPFUT,,2025-08-01,MCX,COM,,sell,false,10.000000,99045.000000,100223048,521310326574473,2025-08-01T18:30:47,2025-09-05
GOLDM25OCTFUT,,2025-08-01,MCX,COM,,buy,false,10.000000,99800.000000,100271703,521310326987743,2025-08-01T18:56:43,2025-10-03
GOLDM25OCTFUT,,2025-08-01,MCX,COM,,sell,false,10.000000,99880.000000,100328003,521310327706504,2025-08-01T19:47:18,2025-10-03
GOLDPETAL25NOVFUT,,2025-10-17,MCX,COM,,buy,false,1.000000,12908.000000,101807337,529010360523725,2025-10-17T23:15:45,2025-11-28
GOLDPETAL25DECFUT,,2025-10-17,MCX,COM,,buy,false,1.000000,13000.000000,101811225,529010360559711,2025-10-17T23:16:28,2025-12-31
GOLDPETAL25NOVFUT,,2025-11-13,MCX,COM,,sell,false,1.000000,12859.000000,100463627,531710329224161,2025-11-13T16:35:49,2025-11-28
GOLDPETAL25DECFUT,,2025-11-13,MCX,COM,,sell,false,1.000000,12948.000000,100463677,531710329224466,2025-11-13T16:35:52,2025-12-31
